system,party,x,y,share

Slovakia,Smer,-0.51,0.79,0.178
Slovakia,PS,0.01,-0.65,0.208
Slovakia,Hlas,-0.29,0.22,0.089
Slovakia,KDH,0.13,0.62,0.076
Slovakia,SaS,0.60,-0.56,0.082
Slovakia,SNS,-0.12,0.91,0.049
Slovakia,Republika,0.01,0.97,0.08
Slovakia,Slovensko,0.02,0.47,0.077
Slovakia,Aliancia,0.03,0.57,0.047
Slovakia,Demokrati,0.50,0.10,0.06
Slovakia,Sme Rodina,-0.15,0.25,0.028
Slovakia,Právo na Pravdu,0.2,0.7,0.022
Slovakia,ĽSNS,-0.05,0.99,0.004

Czechia,ANO,-0.24,0.39,0.315
Czechia,ODS,0.45,0.30,0.141
Czechia,STAN,0.17,-0.19,0.136
Czechia,Piráti,-0.11,-0.68,0.083
Czechia,SPD,-0.18,0.89,0.078
Czechia,Motoristé,0.48,0.65,0.071
Czechia,KDU-ČSL,0.07,0.57,0.03
Czechia,Naše Česko,0.35,0.10,0.026
Czechia,TOP ,0.46,-0.15,0.026
Czechia,KSČM,-0.85,0.60,0.025